[
{
    "model": "api.userprofile",
    "pk": "6588ac3c-cfdc-432c-8c82-c67f2b744476",
    "fields": {
        "last_login": null,
        "email": "pet.teun.03@gmail.com",
        "name": "Teun Peters",
        "is_staff": false,
        "is_superuser": false,
        "is_active": false,
        "password": null,
        "groups": [],
        "user_permissions": []
    }
},
{
    "model": "api.userprofile",
    "pk": "89162009-a8a0-4c7a-b054-ed898f24b955",
    "fields": {
        "last_login": "2024-06-10T12:41:23Z",
        "email": "staff@email.com",
        "name": "Staff",
        "is_staff": true,
        "is_superuser": false,
        "is_active": true,
        "password": "pbkdf2_sha256$720000$1fJmPJhCPBetMd5mI9eLZT$TFY5zdS90+HXzNN2GzFlG+8TZI0p7RAgeFhDDVnuS+k=",
        "groups": [],
        "user_permissions": []
    }
},
{
    "model": "api.userprofile",
    "pk": "9a2636e0-984f-4e79-bc9e-13a628f3cf7b",
    "fields": {
        "last_login": "2024-06-18T13:04:12.779Z",
        "email": "admin@email.com",
        "name": "Admin",
        "is_staff": true,
        "is_superuser": true,
        "is_active": true,
        "password": "pbkdf2_sha256$720000$jO2XTesLUiYYlMxPSfv0Ux$sViB2nxtCywoCSeH3LeM+WzlmnKMFBAPfWFEU0KmBVI=",
        "groups": [],
        "user_permissions": []
    }
},
{
    "model": "api.userprofile",
    "pk": "f04cac7e-4b10-4076-bcf8-93718af6efbe",
    "fields": {
        "last_login": "2024-06-10T12:39:09Z",
        "email": "user@email.com",
        "name": "User",
        "is_staff": false,
        "is_superuser": false,
        "is_active": true,
        "password": "pbkdf2_sha256$720000$lsuGWYGrvWy9vSTIqBCALr$7Z7c8Viy1vZoWAvmBpTkmrHM6EZ2ruY4/s4UH9PzJ9E=",
        "groups": [],
        "user_permissions": []
    }
},
{
    "model": "api.evaluationsettings",
    "pk": "7a23b521-8869-4102-9eda-c9213e719895",
    "fields": {
        "cpu": 1,
        "time_limit": 60.0,
        "memory": 256,
        "machine_type": "Standard_B1s"
    }
},
{
    "model": "api.evaluationsettings",
    "pk": "7f043808-a7da-4edc-b1f4-1797f8d40def",
    "fields": {
        "cpu": 4,
        "time_limit": 300.0,
        "memory": 256,
        "machine_type": "Standard_B1s"
    }
},
{
    "model": "api.storagelocation",
    "pk": "0a800b64-0cce-4cb2-95ab-39a5064ece4e",
    "fields": {
        "container": "benchmark-instances-test-validator",
        "filepath": "instance2.txt",
        "is_downloadable": false
    }
},
{
    "model": "api.storagelocation",
    "pk": "2d7a8e94-0c3e-4c13-bf98-4296de50ae8a",
    "fields": {
        "container": "validators",
        "filepath": "validator.zip",
        "is_downloadable": false
    }
},
{
    "model": "api.storagelocation",
    "pk": "33da1e2e-1897-4036-9fc2-44d65e586a7e",
    "fields": {
        "container": "submissions",
        "filepath": "33da1e2e-1897-4036-9fc2-44d65e586a7e.zip",
        "is_downloadable": false
    }
},
{
    "model": "api.storagelocation",
    "pk": "3d409989-b882-47ea-af79-82bd1bbaa495",
    "fields": {
        "container": "benchmark-instances-vrptw-homberger-200",
        "filepath": "C1_2_1.200.20.vrptw",
        "is_downloadable": false
    }
},
{
    "model": "api.storagelocation",
    "pk": "6d28f80e-d531-4c51-90f8-b0a76b768f20",
    "fields": {
        "container": null,
        "filepath": "2f3d5222-d0e4-486b-a892-eb6de952d11a.zip",
        "is_downloadable": false
    }
},
{
    "model": "api.storagelocation",
    "pk": "706e2604-224a-4c3e-8b1c-f9418200c232",
    "fields": {
        "container": "benchmark-instances-vrptw-homberger-200",
        "filepath": "C1_2_1.200.20.vrptw",
        "is_downloadable": false
    }
},
{
    "model": "api.storagelocation",
    "pk": "7e36136f-2462-4273-85ee-2e6a641b4198",
    "fields": {
        "container": "benchmark-instances-vrptw-homberger-200",
        "filepath": "C1_2_1.200.20.vrptw",
        "is_downloadable": false
    }
},
{
    "model": "api.storagelocation",
    "pk": "83a8977e-760a-4d44-9a67-e07ca4d4c155",
    "fields": {
        "container": "benchmark-instances-test-validator",
        "filepath": "instance1.txt",
        "is_downloadable": false
    }
},
{
    "model": "api.storagelocation",
    "pk": "8bb927b2-8904-45db-bc1d-2ac2daf61d10",
    "fields": {
        "container": "benchmark-instances-vrptw-homberger-200",
        "filepath": "C1_2_1.200.20.vrptw",
        "is_downloadable": false
    }
},
{
    "model": "api.storagelocation",
    "pk": "9899a8a5-9da6-4f32-b50d-c2f9dc354765",
    "fields": {
        "container": "submissions",
        "filepath": "9899a8a5-9da6-4f32-b50d-c2f9dc354765.zip",
        "is_downloadable": false
    }
},
{
    "model": "api.storagelocation",
    "pk": "a1777c0b-1346-4eac-accb-0a7f61fb5ae8",
    "fields": {
        "container": "benchmark-instances-vrptw-homberger-200",
        "filepath": "C1_2_1.200.20.vrptw",
        "is_downloadable": false
    }
},
{
    "model": "api.storagelocation",
    "pk": "a2938ac3-9a6b-4d88-a875-72f46ea913aa",
    "fields": {
        "container": "submissions",
        "filepath": "submission.zip",
        "is_downloadable": false
    }
},
{
    "model": "api.storagelocation",
    "pk": "a9ff016d-f279-4e86-8c98-5c5e51f34d5a",
    "fields": {
        "container": null,
        "filepath": "0d9485d4-eeb6-40e5-a098-83964a32bf6f.zip",
        "is_downloadable": false
    }
},
{
    "model": "api.storagelocation",
    "pk": "b0765381-c5a6-40ad-9b65-8583395bd19e",
    "fields": {
        "container": "submissions",
        "filepath": "b0765381-c5a6-40ad-9b65-8583395bd19e.zip",
        "is_downloadable": false
    }
},
{
    "model": "api.storagelocation",
    "pk": "bca2f71a-74e2-413c-8050-e24836c43ab3",
    "fields": {
        "container": null,
        "filepath": "1ca57f0f-f0a9-41d6-b71a-729c04c7b6b6.zip",
        "is_downloadable": false
    }
},
{
    "model": "api.storagelocation",
    "pk": "bf8756f8-95a9-4d24-a0d4-e74bf49cecbb",
    "fields": {
        "container": "benchmark-instances-vrptw-homberger-200",
        "filepath": "C1_2_1.200.20.vrptw",
        "is_downloadable": false
    }
},
{
    "model": "api.storagelocation",
    "pk": "fd7023d0-0790-4ffd-956a-3305ab901cb4",
    "fields": {
        "container": null,
        "filepath": "178004dc-3d8e-4092-ace6-3c06ab4157bc.rar",
        "is_downloadable": false
    }
},
{
    "model": "api.validator",
    "pk": "2d7a8e94-0c3e-4c13-bf98-4296de50ae8a",
    "fields": {}
},
{
    "model": "api.benchmarkinstance",
    "pk": "0a800b64-0cce-4cb2-95ab-39a5064ece4e",
    "fields": {}
},
{
    "model": "api.benchmarkinstance",
    "pk": "3d409989-b882-47ea-af79-82bd1bbaa495",
    "fields": {}
},
{
    "model": "api.benchmarkinstance",
    "pk": "706e2604-224a-4c3e-8b1c-f9418200c232",
    "fields": {}
},
{
    "model": "api.benchmarkinstance",
    "pk": "7e36136f-2462-4273-85ee-2e6a641b4198",
    "fields": {}
},
{
    "model": "api.benchmarkinstance",
    "pk": "83a8977e-760a-4d44-9a67-e07ca4d4c155",
    "fields": {}
},
{
    "model": "api.benchmarkinstance",
    "pk": "8bb927b2-8904-45db-bc1d-2ac2daf61d10",
    "fields": {}
},
{
    "model": "api.benchmarkinstance",
    "pk": "a1777c0b-1346-4eac-accb-0a7f61fb5ae8",
    "fields": {}
},
{
    "model": "api.benchmarkinstance",
    "pk": "bf8756f8-95a9-4d24-a0d4-e74bf49cecbb",
    "fields": {}
},
{
    "model": "api.metric",
    "pk": "meeting_count",
    "fields": {
        "label": "Number of meetings",
        "unit": "",
        "order": 1
    }
},
{
    "model": "api.metric",
    "pk": "path_length",
    "fields": {
        "label": "Path length",
        "unit": "",
        "order": 0
    }
},
{
    "model": "api.metric",
    "pk": "run_time",
    "fields": {
        "label": "Run time",
        "unit": "s",
        "order": 0
    }
},
{
    "model": "api.metric",
    "pk": "score",
    "fields": {
        "label": "The score",
        "unit": "",
        "order": 1
    }
},
{
    "model": "api.problemcategory",
    "pk": "2587bee1-8210-4d2e-a2ff-08a82fce5fc3",
    "fields": {
        "name": "Time Slotting Problem",
        "style": 0,
        "type": 1,
        "description": "THIS PROBLEM IS NOT FUNCTIONAL YET!!!! \n The Time Slotting Problem entails optimizing the allocation of entities into predefined time slots, considering constraints and objectives such as maximizing resource utilization or satisfaction metrics. Commonly encountered in scheduling scenarios, the Time Slotting Problem aims to efficiently arrange tasks or events to minimize conflicts and satisfy objectives within a given time frame.",
        "simulator": null,
        "validator": "2d7a8e94-0c3e-4c13-bf98-4296de50ae8a"
    }
},
{
    "model": "api.problemcategory",
    "pk": "3513eb23-7b59-4a70-b6d5-1ebf5e354db4",
    "fields": {
        "name": "My Test Problem",
        "style": 1,
        "type": 0,
        "description": "Hello, world!",
        "simulator": null,
        "validator": "2d7a8e94-0c3e-4c13-bf98-4296de50ae8a"
    }
},
{
    "model": "api.problemcategory",
    "pk": "c3be0151-e61e-470b-bba6-4b7f26903d3c",
    "fields": {
        "name": "Traveling Salesman Problem",
        "style": 1,
        "type": 0,
        "description": "THIS PROBLEM IS NOT FUNCTIONAL YET!!!! \n The Traveling Salesman Problem (TSP) is a classic optimization challenge that seeks to determine the shortest possible route for a salesman to visit a given set of cities exactly once and return to the original city. It is an NP-hard problem in combinatorial optimization, making it difficult to solve efficiently as the number of cities increases. TSP has significant practical applications in logistics, manufacturing, and various fields requiring route planning and resource allocation. The complexity arises from the factorial growth of possible routes, necessitating sophisticated algorithms and heuristics to approximate optimal solutions within reasonable computational timeframes.",
        "simulator": null,
        "validator": "2d7a8e94-0c3e-4c13-bf98-4296de50ae8a"
    }
},
{
    "model": "api.specifiedproblem",
    "pk": "343da3bd-d33d-4e6f-a0fc-2c5361918faf",
    "fields": {
        "name": "Delivery Route Planning",
        "category": "c3be0151-e61e-470b-bba6-4b7f26903d3c",
        "evaluation_settings": "7a23b521-8869-4102-9eda-c9213e719895",
        "scoring_metric": "path_length",
        "benchmark_instances": [
            "706e2604-224a-4c3e-8b1c-f9418200c232",
            "7e36136f-2462-4273-85ee-2e6a641b4198",
            "8bb927b2-8904-45db-bc1d-2ac2daf61d10",
            "bf8756f8-95a9-4d24-a0d4-e74bf49cecbb"
        ],
        "metrics": [
            "path_length",
            "run_time",
            "score"
        ]
    }
},
{
    "model": "api.specifiedproblem",
    "pk": "3e44afea-c625-4cb9-ad31-41ea0fbd0745",
    "fields": {
        "name": "Meeting scheduling",
        "category": "2587bee1-8210-4d2e-a2ff-08a82fce5fc3",
        "evaluation_settings": "7f043808-a7da-4edc-b1f4-1797f8d40def",
        "scoring_metric": "meeting_count",
        "benchmark_instances": [
            "3d409989-b882-47ea-af79-82bd1bbaa495",
            "a1777c0b-1346-4eac-accb-0a7f61fb5ae8"
        ],
        "metrics": [
            "meeting_count",
            "run_time",
            "score"
        ]
    }
},
{
    "model": "api.specifiedproblem",
    "pk": "83cb333e-e4c9-4f92-b002-9a8b33b039fd",
    "fields": {
        "name": "MyTestSpecProb",
        "category": "3513eb23-7b59-4a70-b6d5-1ebf5e354db4",
        "evaluation_settings": "7a23b521-8869-4102-9eda-c9213e719895",
        "scoring_metric": "score",
        "benchmark_instances": [
            "0a800b64-0cce-4cb2-95ab-39a5064ece4e",
            "83a8977e-760a-4d44-9a67-e07ca4d4c155"
        ],
        "metrics": [
            "score"
        ]
    }
},
{
    "model": "api.submission",
    "pk": "33da1e2e-1897-4036-9fc2-44d65e586a7e",
    "fields": {
        "user": "6588ac3c-cfdc-432c-8c82-c67f2b744476",
        "problem": "83cb333e-e4c9-4f92-b002-9a8b33b039fd",
        "name": "my cool submission",
        "created_at": "2024-06-19T08:10:29.604Z",
        "is_verified": true
    }
},
{
    "model": "api.submission",
    "pk": "6d28f80e-d531-4c51-90f8-b0a76b768f20",
    "fields": {
        "user": "9a2636e0-984f-4e79-bc9e-13a628f3cf7b",
        "problem": "3e44afea-c625-4cb9-ad31-41ea0fbd0745",
        "name": "Example time slotting submission",
        "created_at": "2024-06-10T13:06:03.824Z",
        "is_verified": true
    }
},
{
    "model": "api.submission",
    "pk": "9899a8a5-9da6-4f32-b50d-c2f9dc354765",
    "fields": {
        "user": "6588ac3c-cfdc-432c-8c82-c67f2b744476",
        "problem": "83cb333e-e4c9-4f92-b002-9a8b33b039fd",
        "name": "timed out submission",
        "created_at": "2024-06-19T08:14:16.628Z",
        "is_verified": true
    }
},
{
    "model": "api.submission",
    "pk": "a2938ac3-9a6b-4d88-a875-72f46ea913aa",
    "fields": {
        "user": "f04cac7e-4b10-4076-bcf8-93718af6efbe",
        "problem": "83cb333e-e4c9-4f92-b002-9a8b33b039fd",
        "name": "tps first little submission",
        "created_at": "2024-06-12T13:14:42.580Z",
        "is_verified": true
    }
},
{
    "model": "api.submission",
    "pk": "a9ff016d-f279-4e86-8c98-5c5e51f34d5a",
    "fields": {
        "user": "89162009-a8a0-4c7a-b054-ed898f24b955",
        "problem": "343da3bd-d33d-4e6f-a0fc-2c5361918faf",
        "name": "Advanced solution",
        "created_at": "2024-06-10T12:45:18.702Z",
        "is_verified": true
    }
},
{
    "model": "api.submission",
    "pk": "b0765381-c5a6-40ad-9b65-8583395bd19e",
    "fields": {
        "user": "6588ac3c-cfdc-432c-8c82-c67f2b744476",
        "problem": "83cb333e-e4c9-4f92-b002-9a8b33b039fd",
        "name": "my wrong submission",
        "created_at": "2024-06-19T08:12:03.215Z",
        "is_verified": true
    }
},
{
    "model": "api.submission",
    "pk": "bca2f71a-74e2-413c-8050-e24836c43ab3",
    "fields": {
        "user": "9a2636e0-984f-4e79-bc9e-13a628f3cf7b",
        "problem": "343da3bd-d33d-4e6f-a0fc-2c5361918faf",
        "name": "Example traveling salesman submission",
        "created_at": "2024-06-10T12:44:20.847Z",
        "is_verified": true
    }
},
{
    "model": "api.submission",
    "pk": "fd7023d0-0790-4ffd-956a-3305ab901cb4",
    "fields": {
        "user": "f04cac7e-4b10-4076-bcf8-93718af6efbe",
        "problem": "343da3bd-d33d-4e6f-a0fc-2c5361918faf",
        "name": "Basic solver v1",
        "created_at": "2024-06-10T12:44:47.526Z",
        "is_verified": true
    }
},
{
    "model": "api.result",
    "pk": "00d78a00-294a-416a-86bb-849ce8bcecd4",
    "fields": {
        "submission": "a2938ac3-9a6b-4d88-a875-72f46ea913aa",
        "benchmark_instance": "83a8977e-760a-4d44-9a67-e07ca4d4c155",
        "metric": "score",
        "score": "1.00"
    }
},
{
    "model": "api.result",
    "pk": "0f9611fd-9d3e-42d4-a270-256e3a0a6c2b",
    "fields": {
        "submission": "33da1e2e-1897-4036-9fc2-44d65e586a7e",
        "benchmark_instance": "83a8977e-760a-4d44-9a67-e07ca4d4c155",
        "metric": "score",
        "score": "1.00"
    }
},
{
    "model": "api.result",
    "pk": "49202dc9-9985-4465-8a8a-8f2314208cae",
    "fields": {
        "submission": "a2938ac3-9a6b-4d88-a875-72f46ea913aa",
        "benchmark_instance": "0a800b64-0cce-4cb2-95ab-39a5064ece4e",
        "metric": "score",
        "score": "1.00"
    }
},
{
    "model": "api.result",
    "pk": "4c0dd8a9-83e4-4721-9927-4d8c4ee200ce",
    "fields": {
        "submission": "b0765381-c5a6-40ad-9b65-8583395bd19e",
        "benchmark_instance": "0a800b64-0cce-4cb2-95ab-39a5064ece4e",
        "metric": "score",
        "score": "0.00"
    }
},
{
    "model": "api.result",
    "pk": "74a08fde-b737-4067-91e4-af2e6994e2ed",
    "fields": {
        "submission": "a2938ac3-9a6b-4d88-a875-72f46ea913aa",
        "benchmark_instance": "83a8977e-760a-4d44-9a67-e07ca4d4c155",
        "metric": "score",
        "score": "1.00"
    }
},
{
    "model": "api.result",
    "pk": "7d802147-3295-4a5c-8c54-5e2bbde9b959",
    "fields": {
        "submission": "a2938ac3-9a6b-4d88-a875-72f46ea913aa",
        "benchmark_instance": "0a800b64-0cce-4cb2-95ab-39a5064ece4e",
        "metric": "score",
        "score": "1.00"
    }
},
{
    "model": "api.result",
    "pk": "cd256696-bd0e-47ed-b87d-14cf999f6efd",
    "fields": {
        "submission": "b0765381-c5a6-40ad-9b65-8583395bd19e",
        "benchmark_instance": "83a8977e-760a-4d44-9a67-e07ca4d4c155",
        "metric": "score",
        "score": "0.00"
    }
},
{
    "model": "api.result",
    "pk": "cd54f051-0e59-4b3a-85c3-d6016ac9f4e6",
    "fields": {
        "submission": "33da1e2e-1897-4036-9fc2-44d65e586a7e",
        "benchmark_instance": "0a800b64-0cce-4cb2-95ab-39a5064ece4e",
        "metric": "score",
        "score": "1.00"
    }
}
]
